round,strategy,attack,server_loss,server_accuracy,server_auc,worst_hospital_auc,best_hospital_auc,auc_equity_gap
1,fedavg,none,0.444,0.8004,0.8408,0.7762,0.8581,0.082
2,fedavg,none,0.4281,0.8008,0.8441,0.7828,0.8585,0.0757
3,fedavg,none,0.4261,0.8013,0.8452,0.782,0.8604,0.0784
4,fedavg,none,0.4252,0.7992,0.8457,0.7827,0.8584,0.0758
5,fedavg,none,0.4238,0.8008,0.8463,0.7821,0.8596,0.0775
6,fedavg,none,0.4237,0.8004,0.8463,0.7817,0.8594,0.0778
7,fedavg,none,0.4236,0.8033,0.8464,0.7813,0.8602,0.079
8,fedavg,none,0.4232,0.8013,0.8466,0.7808,0.8602,0.0794
9,fedavg,none,0.4231,0.8025,0.8462,0.7809,0.8607,0.0798
10,fedavg,none,0.4227,0.8017,0.8465,0.7823,0.8588,0.0765
11,fedavg,none,0.4234,0.8004,0.846,0.7815,0.8592,0.0777
12,fedavg,none,0.423,0.8017,0.8461,0.781,0.8594,0.0784
1,trimmed_mean,none,0.4339,0.8058,0.8427,0.7774,0.8619,0.0845
2,trimmed_mean,none,0.4239,0.8083,0.8466,0.7834,0.8609,0.0775
3,trimmed_mean,none,0.423,0.8096,0.8468,0.7849,0.8601,0.0752
4,trimmed_mean,none,0.4224,0.8113,0.8476,0.7848,0.861,0.0762
5,trimmed_mean,none,0.4218,0.8113,0.8477,0.7849,0.8617,0.0768
6,trimmed_mean,none,0.4215,0.8087,0.848,0.7847,0.8617,0.077
7,trimmed_mean,none,0.4212,0.8104,0.8479,0.7837,0.8605,0.0768
8,trimmed_mean,none,0.4219,0.8087,0.8479,0.7845,0.8599,0.0754
9,trimmed_mean,none,0.4218,0.8096,0.848,0.7842,0.8601,0.0758
10,trimmed_mean,none,0.4214,0.8096,0.848,0.7843,0.8597,0.0753
11,trimmed_mean,none,0.421,0.81,0.848,0.7842,0.8597,0.0755
12,trimmed_mean,none,0.4213,0.8108,0.8479,0.7834,0.8603,0.077
1,median,none,0.4399,0.7987,0.8406,0.7751,0.8636,0.0885
2,median,none,0.4295,0.7987,0.8453,0.7851,0.8608,0.0756
3,median,none,0.4249,0.7992,0.8461,0.7864,0.8615,0.075
4,median,none,0.4252,0.8013,0.8469,0.787,0.8599,0.0728
5,median,none,0.4235,0.7992,0.8471,0.7864,0.8605,0.074
6,median,none,0.4229,0.8,0.8474,0.7861,0.8608,0.0747
7,median,none,0.4233,0.8004,0.8476,0.7856,0.8611,0.0755
8,median,none,0.4223,0.8004,0.8475,0.7844,0.861,0.0766
9,median,none,0.4236,0.8004,0.8472,0.7838,0.8601,0.0763
10,median,none,0.4225,0.8033,0.8475,0.7839,0.8597,0.0758
11,median,none,0.4223,0.8013,0.8475,0.784,0.859,0.075
12,median,none,0.4225,0.8,0.8474,0.7838,0.8592,0.0755
1,krum,none,0.4318,0.8,0.8483,0.7855,0.8607,0.0752
2,krum,none,0.4294,0.8008,0.8482,0.7907,0.8558,0.0652
3,krum,none,0.4266,0.8033,0.8475,0.7903,0.8546,0.0643
4,krum,none,0.4286,0.7942,0.8484,0.7873,0.8554,0.0681
5,krum,none,0.4293,0.7946,0.8487,0.7882,0.8555,0.0674
6,krum,none,0.4271,0.7975,0.8491,0.7883,0.8571,0.0688
7,krum,none,0.4277,0.7975,0.8491,0.7864,0.8569,0.0705
8,krum,none,0.4197,0.8054,0.849,0.7827,0.8601,0.0774
9,krum,none,0.4265,0.7996,0.8488,0.7864,0.8581,0.0716
10,krum,none,0.4256,0.8029,0.8484,0.7888,0.8587,0.07
11,krum,none,0.4258,0.8004,0.8486,0.7874,0.8578,0.0704
12,krum,none,0.4276,0.7992,0.849,0.7867,0.8583,0.0716
1,fedavg,label_flip,0.5284,0.7554,0.8039,0.733,0.8304,0.0975
2,fedavg,label_flip,0.4891,0.7963,0.8348,0.7704,0.8513,0.0809
3,fedavg,label_flip,0.4762,0.7942,0.8395,0.7777,0.8509,0.0731
4,fedavg,label_flip,0.4771,0.7921,0.841,0.7799,0.8488,0.0689
5,fedavg,label_flip,0.4742,0.7954,0.8426,0.7826,0.852,0.0693
6,fedavg,label_flip,0.4745,0.79,0.8423,0.7798,0.8516,0.0718
7,fedavg,label_flip,0.472,0.7867,0.8423,0.7793,0.8505,0.0712
8,fedavg,label_flip,0.4737,0.7833,0.8396,0.7768,0.8471,0.0702
9,fedavg,label_flip,0.4732,0.7846,0.8408,0.7798,0.8501,0.0704
10,fedavg,label_flip,0.4724,0.7846,0.8409,0.7811,0.8511,0.07
11,fedavg,label_flip,0.4735,0.7767,0.8399,0.7785,0.8502,0.0717
12,fedavg,label_flip,0.4734,0.775,0.8391,0.7776,0.8466,0.0689
1,trimmed_mean,label_flip,0.4858,0.7479,0.8368,0.7758,0.8393,0.0635
2,trimmed_mean,label_flip,0.4708,0.7975,0.8434,0.7864,0.8453,0.0589
3,trimmed_mean,label_flip,0.4672,0.7829,0.8438,0.7846,0.8472,0.0626
4,trimmed_mean,label_flip,0.4684,0.7908,0.8447,0.783,0.8473,0.0642
5,trimmed_mean,label_flip,0.4686,0.7942,0.8454,0.7831,0.8493,0.0662
6,trimmed_mean,label_flip,0.4693,0.7825,0.8459,0.7843,0.8499,0.0656
7,trimmed_mean,label_flip,0.4705,0.785,0.8451,0.7832,0.8486,0.0653
8,trimmed_mean,label_flip,0.4691,0.76,0.845,0.7833,0.8499,0.0666
9,trimmed_mean,label_flip,0.4727,0.77,0.8447,0.782,0.8493,0.0672
10,trimmed_mean,label_flip,0.4653,0.7783,0.8461,0.7811,0.8503,0.0692
11,trimmed_mean,label_flip,0.4696,0.7717,0.8461,0.783,0.8519,0.0689
12,trimmed_mean,label_flip,0.4689,0.7767,0.8456,0.7826,0.8525,0.0699
1,median,label_flip,0.4674,0.7567,0.8385,0.7617,0.8641,0.1023
2,median,label_flip,0.4555,0.8013,0.8436,0.7748,0.8555,0.0807
3,median,label_flip,0.4533,0.7983,0.8436,0.7784,0.8512,0.0729
4,median,label_flip,0.4566,0.7996,0.8439,0.7824,0.8477,0.0652
5,median,label_flip,0.4569,0.7992,0.8435,0.7827,0.8457,0.063
6,median,label_flip,0.4534,0.7996,0.8442,0.7831,0.8498,0.0667
7,median,label_flip,0.4609,0.7979,0.8431,0.7823,0.8484,0.0661
8,median,label_flip,0.4568,0.7904,0.8427,0.783,0.8485,0.0655
9,median,label_flip,0.4621,0.7937,0.8425,0.7832,0.8478,0.0647
10,median,label_flip,0.4578,0.7908,0.8431,0.7823,0.8494,0.0671
11,median,label_flip,0.4596,0.7892,0.8421,0.7794,0.8499,0.0705
12,median,label_flip,0.4563,0.7987,0.8446,0.7838,0.8504,0.0666
1,krum,label_flip,0.44,0.7942,0.8423,0.7771,0.86,0.0829
2,krum,label_flip,0.4327,0.7887,0.8468,0.7806,0.8608,0.0802
3,krum,label_flip,0.426,0.7963,0.8485,0.7829,0.861,0.0781
4,krum,label_flip,0.4298,0.7921,0.8491,0.7839,0.8617,0.0778
5,krum,label_flip,0.4298,0.7925,0.8491,0.7833,0.861,0.0777
6,krum,label_flip,0.4278,0.7958,0.8492,0.7841,0.8609,0.0769
7,krum,label_flip,0.427,0.7958,0.8495,0.7844,0.8623,0.0779
8,krum,label_flip,0.4253,0.8,0.8496,0.7839,0.862,0.0782
9,krum,label_flip,0.4273,0.7937,0.8496,0.7842,0.861,0.0768
10,krum,label_flip,0.4263,0.8,0.8491,0.7846,0.8596,0.075
11,krum,label_flip,0.4272,0.7992,0.8489,0.7842,0.8595,0.0754
12,krum,label_flip,0.428,0.7958,0.8491,0.7843,0.859,0.0748
1,fedavg,model_poison,0.808,0.375,0.8097,0.743,0.801,0.058
2,fedavg,model_poison,9.1361,0.2792,0.6827,0.6346,0.6845,0.05
3,fedavg,model_poison,247.5962,0.2792,0.5,0.5,0.5,0.0
4,fedavg,model_poison,2070.8014,0.2792,0.5,0.5,0.5,0.0
5,fedavg,model_poison,8190.961,0.2792,0.5,0.5,0.5,0.0
6,fedavg,model_poison,22030.4514,0.2792,0.5,0.5,0.5,0.0
7,fedavg,model_poison,46809.8775,0.2792,0.5,0.5,0.5,0.0
8,fedavg,model_poison,87067.9787,0.2792,0.5,0.5,0.5,0.0
9,fedavg,model_poison,147320.2692,0.2792,0.5,0.5,0.5,0.0
10,fedavg,model_poison,233380.5917,0.2792,0.5,0.5,0.5,0.0
11,fedavg,model_poison,350024.789,0.2792,0.5,0.5,0.5,0.0
12,fedavg,model_poison,498596.039,0.2792,0.5,0.5,0.5,0.0
1,trimmed_mean,model_poison,0.7271,0.4838,0.2488,0.2097,0.3409,0.1313
2,trimmed_mean,model_poison,2.3113,0.2354,0.1896,0.1594,0.2443,0.0849
3,trimmed_mean,model_poison,34.4063,0.2296,0.2292,0.1917,0.2954,0.1037
4,trimmed_mean,model_poison,326.9229,0.2338,0.3361,0.2845,0.3894,0.1048
5,trimmed_mean,model_poison,1439.8865,0.2367,0.367,0.3071,0.429,0.1219
6,trimmed_mean,model_poison,4338.2455,0.2383,0.3854,0.3253,0.4402,0.1149
7,trimmed_mean,model_poison,10020.4402,0.2496,0.4122,0.3547,0.4517,0.097
8,trimmed_mean,model_poison,19974.487,0.255,0.4311,0.3854,0.4634,0.078
9,trimmed_mean,model_poison,35341.3512,0.2787,0.4976,0.4749,0.5,0.0251
10,trimmed_mean,model_poison,58067.734,0.2792,0.5,0.5,0.5,0.0
11,trimmed_mean,model_poison,89675.3171,0.2792,0.5,0.5,0.5,0.0
12,trimmed_mean,model_poison,130705.6661,0.2792,0.5,0.5,0.5,0.0
1,median,model_poison,0.484,0.7212,0.8312,0.7648,0.8509,0.086
2,median,model_poison,0.4713,0.7471,0.8379,0.7752,0.8501,0.0749
3,median,model_poison,0.4773,0.7583,0.8401,0.7786,0.85,0.0714
4,median,model_poison,0.4777,0.7721,0.8407,0.7801,0.8501,0.07
5,median,model_poison,0.4813,0.7783,0.8423,0.7816,0.8505,0.0689
6,median,model_poison,0.486,0.7817,0.8429,0.7834,0.8517,0.0683
7,median,model_poison,0.4988,0.7775,0.8439,0.7861,0.8528,0.0666
8,median,model_poison,0.4956,0.7792,0.8432,0.7847,0.8542,0.0695
9,median,model_poison,0.4932,0.7842,0.8425,0.7833,0.8547,0.0714
10,median,model_poison,0.4933,0.7846,0.843,0.7833,0.8563,0.073
11,median,model_poison,0.4845,0.7863,0.8428,0.7843,0.8555,0.0713
12,median,model_poison,0.4872,0.7863,0.8427,0.7841,0.8558,0.0717
1,krum,model_poison,0.439,0.7892,0.8386,0.7747,0.8587,0.0839
2,krum,model_poison,0.431,0.79,0.8451,0.7826,0.8589,0.0762
3,krum,model_poison,0.426,0.7942,0.8462,0.7845,0.8585,0.074
4,krum,model_poison,0.4292,0.7917,0.847,0.7844,0.8575,0.073
5,krum,model_poison,0.4296,0.7913,0.8475,0.7861,0.8575,0.0714
6,krum,model_poison,0.4263,0.7979,0.8477,0.7857,0.8586,0.0728
7,krum,model_poison,0.4266,0.7975,0.8478,0.7863,0.8583,0.072
8,krum,model_poison,0.4248,0.7987,0.8477,0.7859,0.8578,0.072
9,krum,model_poison,0.4272,0.8,0.8473,0.7855,0.8576,0.0721
10,krum,model_poison,0.4254,0.8008,0.8477,0.7863,0.8568,0.0705
11,krum,model_poison,0.4263,0.8017,0.8474,0.786,0.857,0.071
12,krum,model_poison,0.4277,0.7983,0.8475,0.7863,0.8557,0.0694
